Imei,CustomerName
864502037822053,
864502035678713,
864502037856770,
864502035698430,
864502037759719,
356363058078017,
356363058072663,
357520073929909,
356363058066418,
356363058077332,
356363058071020,
356363058075898,
356363058071590,
356363058077308,
356363058077282,
358887098100025,
358887096718257,
353322082853210,
358174061422474,
358887096782030,
868997035394566,
356363054812534,
868997035394079,
358887099531210,
358887099725101,
358887099767285,
355504069572107,
358174061425915,
356363054406352,
869247049706762,
869247049711879,
869247049718429,
869247049716795,
869247049736298,
869247049717967,
357520074217999,
862818047911138,
358014098275794,
356363054823358,
358887099767772,
358887095139091,
358887095139810,
358887095136477,
357520075400800,
357520075378220,
357520074569043,
357520074568995,
357520074548435,
357520075378378,
358887095136535,
358887095139174,
358887095140495,
358887093671822,
864502035033562,
869247049707422,
864502035741149,
864502033517004,
868997039547854,
864502033359696,
864502030395230,
862818040727176,
864502034718742,
862950025749774,
862950025788582,
864502033634767,
862818047833639,
868997035394624,
868997035393162,
357520074536026,
862818047832334,
357520074544921,
864502033281718,
867322032656431,
867322032656506,
864502033516881,
864502033613688,
862818040725899,
868997035079878,
861551041202763,
867322032756652,
867322032656753,
867322032756637,
867322032656696,
864502037799061,
868997035497260,
868997035552155,
868325027105297,
868997039548555,
868997035443280,
864502036196392,
868997039541741,
868997035290251,
862950024890702,
862950024878467,
862950024877402,
864502035036250,
864502034763383,
864502037857646,Menzies Non Motor
868997039544901,Acqsys Non Motorised
864502037821683,Acqsys Non Motorised
864502037810413,Menzies Non Motor
864502037821253,Menzies Non Motor
866224026672518,Acqsys Non Motorised
864502037823283,WH Smith
862950028547829,WH Smith
862950025766729,
864502033639857,
864502037889649,
358887099691576,
358887099757013,
358887099693036,
358887099706234,
358887099691634,
350544508596239,
350544509397454,
350544509398098,
350544509398080,
867322035630763,
868997035556008,
350544509397298,
350544508632794,
350544508632760,
864502037788031,
351631044272695,
350544508634212,
350544508639955,
350544508639435,
350544508632711,
350544508639781,
350544508639948,
350544509397538,
350544508632844,
350544509398114,
350544509397389,
357520074513736,
357520075378428,
358887099757674,
860873040939679,
860873040939661,
860873040771916,
358174069665835,
860873041000794,
860873041761650,
860873040996661,
860873041769265,
860873040927427,
860873040986126,
860873040992140,
860873040948738,
860873040944729,
860873040932369,
860264055519095,
860264055468129,
860264050890343,
860264053344009,
860264055463351,
860264050899328,
860873040818600,
860873040948480,
860873040977208,
860873040934423,
860873040986043,
351631044266507,
350544502882718,
350544502882825,
350544502869566,
350544502840617,
357073298209467,
357073298565538,
350544509398908,
357073298565652,
357073298209384,
357073298565686,
357073298209632,
357073298566759,
357073298565629,
357073298202116,
354762112360661,
354762112345712,
354762112361461,
866907056809436,
357520074569472,
357520075417044,
358887091989218,
358887093671996,
352656109429251,
352656109429533,
352656109429632,
351516175114487,
351516174699058,
351516175146950,
351516175111418,
351516175127778,
351516175114669,
352656109428063,
352656109429244,
352656109427933,
352656109429194,
351358813590095,
352656109427941,
352656109429210,
352656109429087,
351516174702050,
351358813589659,
352656109429137,
352656109429459,
352656109427909,
352656109429442,
351516174699231,
351516174592444,
352656109427958,
351516175114743,
351516175146943,
352656109429392,
352656109429301,
351358813589758,
352656109429483,
351516174723262,
351516175146968,
351358813589741,
351516174699165,
351516173022500,
352656109429350,
352656109429236,
352656109429368,
352656109429426,
352656109429293,
351516175111483,
352656109427990,
352656109429186,
352656109429103,
352656109428055,
351516175111905,
860873040987090,
357073298536208,
357073298551942,
357073298551967,
357073298551801,
357073298552015,
350424068448818,
357073298552031,
356363058077084,
864502037779931,
862950028530668,
866224026638287,
864502037779907,
864502035681113,
864502030306294,
866224026670371,
862950024886502,
866224026679943,
868325026850281,
862950025795876,
864502030363030,
867322032646929,
864502033613704,Element Integrated System
864502033889817,
864502037759545,
867322032613648,
867322035210202,
867322035265677,
864502030359004,
864502033178617,
864502034718445,
864502034856781,
864502033508110,
358014095452933,
358014095481064,
358014095441993,
358014095739172,
358014095479480,
358014095463815,
358014095478367,
358014095472899,
358014095478292,
358014095745435,
358014095722277,
358014095480496,
358014095446968,
358014095464615,
358014095461736,
358014095461686,
358014095441530,
358014095738489,
357520075413910,
357520075372017,
357520075371597,
357520075428181,
357520074569076,
357520075427878,
862950025802326,
358174068965764,
866224026656966,
353322080960793,
351631046082951,
867322035224294,
867322035235654,
351631047238347,
351631046057441,
864502037840337,
866224026633429,
351631047865024,
867322032640815,
867322035264241,
867322039950332,
867322035272715,
864502030088645,
357520073961423,
866224026635093,
358174069855352,
864502034763953,
864502035874635,
357520071846071,
867322035273663,
867322035223270,
358174068300830,
864502034763888,
862950025774640,
351631041582039,
351631040026343,
866224026661982,
351631041562064,
358174068948349,
351631040024090,
358174068961300,
351631040036540,
358174068944082,
351631040036375,
862950025772925,
358174068339556,
358174068955898,
351631044290465,
351631044275227,
358174068637538,
862950025767933,
864502037807864,
351631040026285,
351631040026392,
351631047835951,
866224026636927,
351631047901274,
358887099693077,
358887099737494,
358887099708693,
358887099698258,
358887099721233,
358887099708560,
351631044266531,
864502030410740,
358887099737411,
358887099693366,
358887099704577,
358887099754432,
358887099768978,
358887098091224,
358887099693481,
358887099721910,
358887099690909,
358887099762518,
351631040020965,
358887098139254,
862818047814936,
351631040026582,
358887093677654,MV Tech
358887099754358,
358887099690727,
358887099693432,
862950025815302,
358887099690065,
358887098176520,
358887099754325,
358887099708487,
864502037889698,
864502035741776,
867322035184092,
866224026667930,
862950025791917,
864502037833977,
862950028545971,
868325027031543,
868997039407471,
862950028553223,
869247049712372,
862950024891338,
358887099691469,
358887099754523,
358887099699231,
358887099758326,
358887099699249,
358014098015596,
358887099691725,
358014098010738,
358887099698209,
358887098176538,
358887099757500,
358014098091712,Eco Waste
358014098156606,Eco Waste
358174063514559,Rosan & Company
355504067923476,Rosan & Company
356363054901642,Rosan & Company
355504067922841,Rosan & Company
356363054879681,Rosan & Company
358174067182700,Rosan & Company
358174067170606,Rosan & Company
358174068942243,Rosan & Company
358887093405098,Rosan & Company
356363054403318,Rosan & Company
353322082123622,Rosan & Company
355504067923203,Rosan & Company
356363054407707,Rosan & Company
356363054847837,Rosan & Company
356363054813904,Rosan & Company
355504067922692,Rosan & Company
353705063818360,Rosan & Company
355504067923088,Rosan & Company
356363054849023,Rosan & Company
356363054844511,Rosan & Company
358174068941559,Rosan & Company
358174063520614,Rosan & Company
356363058077878,Rosan & Company
353322083134248,Rosan & Company
358174061426426,Rosan & Company
358174066713265,Rosan & Company
356363054407335,Rosan & Company
356363058058993,Rosan & Company
356363058065774,Rosan & Company
358174063501556,Rosan & Company
355504069571075,Rosan & Company
351631044271838,Rosan & Company
359006058053301,Rosan & Company
358174063509898,Rosan & Company
358174063546767,Rosan & Company
358174063519947,Rosan & Company
356363054407301,Rosan & Company
356363054834074,Rosan & Company
353705064200865,Rosan & Company
353705064137174,Rosan & Company
350544503137468,
357520074530755,
358887093680229,
357520075412912,
860873040927625,
357520071845636,
351358819148104,
351358818838838,
351358816299983,
351358819640936,
351358818822642,
351358810362183,
351358810285699,
351358819159481,
351358819128387,
351358818821743,
351358819145035,
351358816297904,
351358818826262,
351358816301920,
351358818827047,
351358818848274,
351358818824549,
351358816303397,
351358818821750,
351358816304791,
351358810387545,
351358819163491,
352656109429269,
351358819152429,
351358818599174,
351358816325275,
351358819169944,
351358816067083,
351358818825264,
351358816303405,
351358816303421,
351358818826940,
351358819171064,
351358816304122,
351358816299553,
351358810394699,
351358810409828,
351358810389848,
351358810371309,
351358819633030,
351358819631844,
351358819640621,
351358819631554,
351358819650216,
351358819632123,
351358819628899,
351358815565244,
351358810408622,
351358819159424,
351358815552549,
357073298536059,
357073298565520,
350424068448834,
357073298565504,
357073298565751,
350424068448677,
357073298536281,
357073298536216,
357073298536299,
357073298551959,
357520075385373,
357520074216033,
357520074520590,
354762111550445,
866907055226434,
351358813589709,
351631044273396,
357073298564804,
866907055140510,
353322082854945,
351631047237547,
354762111562788,
357073298565595,
357073298564564,
357073298565678,
357073298536125,
357073298536042,
860873040824673,
358887099699348,
860873040824517,
357073298198041,
350424068448586,
357073298536141,
357073298569027,
357073298565769,
350424068448800,
357073298565694,
350424068448669,
351631044271408,
353322082854713,
351631040018167,
351631045991186,
867322035609601,
862950028541426,
866224026634146,
867322039948278,
868997035392446,
867322035631738,
350424068448743,
357073298565611,
350424068448750,
357073298564689,
352625692998782,
358887091995934,
358887093677159,
358887093680286	,
860873040929563,
860873040956129,
358887093671830,
350317173760228,
350317173760434,
350317173758685,
350317173760293,
350317173760368,
868997035497401,
350317173761804,
350317173762034,
350317173761788,
350317173761895,
350317173761879,
357520075368825,
357520074550746,
351631041562080,
353322082146599,
353322082123242,
351631046060338,
351631046061740,
351631046055353,
351631041575124,
351631041562056,
353322082146342,
864502037836186,
867322032656308,
864502037791191,
866224026675396,
862950028529108,
866224026667856,
866224026658988,
358174068339416,
358174068925982,
358174068954016,
351631040024009,
864502035871458,
358174068925644,
358174068964130,
866224026670322,
351631044290168,
358174063545538,
862950024893037,
358174068925016,
358174068955161,
358174068300848,
358174068963413,
864502037760345,
351631047865347,
351631046452758,
351631047864985,
351631047232910,
351631047233413,
866224026636315,
866224026640788,
866224026668250,
866224026643097,
866224026649300,
866224026649607,
866224026639962,
353322082125007,
866224026638774,
353322082124950,
351631041587004,
351631041534238,
351631041574333,
351631044289368,
351631044273180,
351631046084866,
351631041582567,
351631046083033,
357520074219243,
353322080599518,
351631041582575,
353322081320807,
864502034866046,
864502033614330,
864502033614256,
864502034764027,
864502034757989,
864502033450651,
864502033563313,
357520071857490,
357520071848010,
357520072895523,
864502037835394,
864502037856861,
867322032741290,
867322032656480,
867322032647331,
357520074443611,
862950025742738,
866224026633742,
866224026664713,
358174068342154,
358174068639963,
358174068925537,
864502036172419,
351631040013853,
351631040013002,
358174068298158,
358174068965236,
351631044270509,
351631040022441,
351631047865545,
866224026638527,
866224026646827,
353322082314866,
353322082146607,
351631047865289,
358174069663533,
351631046058381,
358174063539770,Rosan & Company
355504067922676,Rosan & Company
358174063546478,Rosan & Company
351631040021666,Rosan & Company
351631040027408,Rosan & Company
356363058061609,Rosan & Company
351631040033166,Rosan & Company
358174061426889,Rosan & Company
358174067194739,Rosan & Company
358174066713422,Rosan & Company
358174063545405,Rosan & Company
356363058061476,Rosan & Company
356363058061575,Rosan & Company
358174061422573,Rosan & Company
357322043497400,Rosan & Company
358174063546080,Rosan & Company
356363054405297,Rosan & Company
355504067924284,Rosan & Company
358174063503966,Rosan & Company
356363054406428,Rosan & Company
356363054848579,Rosan & Company
358174063542287,Rosan & Company
358174063519889,Rosan & Company
358887096348352,Rosan & Company
358887098118035,Rosan & Company
356363058067994,
358887099771774,
358887098180076,
353322083433095,
351631040022946,
864502037778222,Menzies Non Motor
354762112300477,
354762111944598,
354762111931611,
358887096780901,
353322080957708,
358887099690818,
358887099767897,
358887099721365,
358887096714694,
358887093407748,
358887098115460,
358014098091738,
358014098032492,
358014098091852,
358887099690164,
358887099770792,
358014098015018,Alligator H & C
358014098040545,Alligator H & C
358014098091423,Alligator H & C
358014098116063,Alligator H & C
864502035632728,Eco Waste
867322032712473,Eco Waste
867322032756629,Eco Waste
868997035155413,Eco Waste
864502033178518,Eco Waste
864502034892976,Eco Waste
864502033451394,Eco Waste
861551041196833,Eco Waste
864502033380171,Eco Waste
864502037826864,Eco Waste
864502037747029,Eco Waste
354762112258907,
354762112255564,
354762112331878,
354762112298663,
865006040469976,Complete Vending
865006040483456,Complete Vending
865006040500374,
354762112263105,
864502037835204,
356363054860749,
356363054849403,
356363058001621,
356363054405743,
356363054822764,
356363058001449,
356363054952272,
868997039406150,
864502035932979,
357520074191376,
357520075414744,
358887093308284,
358887093326872,
358887093407847,
868997035392560,
358887093302345,
358887099531400,
869247049707042,
868997035205192,
869247049708909,
869247049717611,
861551041203217,
862818047832813,
351631044268289,
353322082852352,
357520074569563,
357520074564614,
350317173731609,
350317173746938,
350317173760269,
350317173760251,
350317173735295,
864502034891747,
350317173762042,
350317173761960,
350317173758750,
350317173731641,
350317173761903,
350317173747126,
350317173760285,
350317173760426,
350317173761945,
350317173761887,
866344052458606,
866344052348146,
866344052419368,
866344052410052,
860873040936899,
860873040773201,
866344052466195,
866344052491763,
866344052491466,
866344052491698,
866344052491748,
866344052491508,
866344052410086,
860873040824046,
860873040824053,
860873040966961,
866344052466211,
866344052458648,
866344052491722,
866344052491912,
866344052419319,
866344052491649,
866344052419418,
866344052466203,
866344052491706,
866344052466229,
866344052410037,
866344052410219,
860873041043604,
860873041028118,
866344052491755,
866344052410391,
866344053868035,
866344053889015,
866344053905340,
866344053905019,
866344053899139,
866344053893561,
350317175553712,
350317178424820,
350317173697255,
350317175558836,
358887091987907,
350317177597725,
350317178426965,
350317175050867,
358887093671491,
358887091995843,
354762111493307,
860873040923210,
866344053893439,
860264059494196,
350317177454059,
350317175599541,
350317178426742,
350317178329185,
350317177598145,
350317177448366,
350317175573926,
350317177930447,
350317178314112,
358014097985492,
866907056809063,
350317175447428,
350317175543382,
350317175601479,
350317178421834,
860873040990573,
863540061759396,
350317178421677,
350424060791538,
358014098062440,
350317178424903,
350317172354080,
866344053870189,
866344052894099,
866344053899154,
866344053889239,
866344052893943,
866344052961252,
866344052894248,
866344052964991,
866344053889783,
866344051824584,
866344053893330,
866344053889031,
866344051824642,
866344052894016,
866344052894115,
350317178339705,
350317175573637,
350317178335455,
350612072164179,
350612072247834,
350612072163106,
350612072163098,
350612072162983,
350612072163239,
860264059517624,
864502030393763,
866344052893927,
866344052894107,
866344055479849,
866344051724578,
866344055480722,
866344055485929,
866344055497999,
353322080855779,
351631046089113,
351631041582799,
351631046058654,
351631042664117,
351631041582179,
351631041562403,
351631046058167,
351631041582583,
351631041584621,
351631041583391,
351631046088578,
353322082124083,
351631046083553,
351631044271929,
353322080962344,
353322083450370,
864502033613902,
864502035007392,
864502035799782,
864502035698414,
864502037843752,
864502037805850,
864502036063121,
864502037821378,
866224024255803,
864502036046332,
864502037835428,
867322032755654,
867322032645152,
357520074545761,
357520074514726,
862950024887914,
862950028555947,
862950025743561,
351631040019454,
353322082146292,
358174068953802,
358174068953182,
358174068344408,
358174068953729,
358174068638718,
351631040033190,
358174068953661,
351631040014661,
351631044268693,
351631044289475,
351631044273545,
351631042666450,
351631044273735,
351631044290242,
358174068953497,
351631040022151,
866224026636372,
866224026637693,
867322032741100,
353322082126906,
351631041562072,
351631046058936,
351631041562288,
351631044275813,
351631044272026,
351631044289335,
353322081343908,
351631041582492,
353322083088212,
864502030141915,
864502033645649,
864502030363519,
351631040030550,
357520071840777,
867322032655490,
357520074571940,
862950024879572,
862950024885074,
866224024249566,
864502036235422,
866224026669548,
866224026638030,
866224026675123,
866224024254343,
866224026659184,
866224026661701,
866224026675164,
866224026657055,
351631040024413,
358174068339762,
358174068960815,
351631040014208,
358174068964346,
866224024255373,
358174068638643,
358174068926535,
351631040001411,
351631044271465,
351631040014778,
351631040024702,
358887099708461,
358887099695841,
354762112331639,
358887099691444,
861551041308917,
865006040483548,
865006040499791,
353322082123614,
865006040499890,
354018116511688,
865006040500614,Luftavia
861551046457818,Luftavia
865006040484454,Luftavia
864502035800374,
864502035678804,
864502035697416,
357520075378576,
358887095139703,
862950025762579,
866224026646413,
866224026638295,
866224026637636,
866224026635432,
351631047838427,
862950025793954,
866224024244740,
866224024244195,
866224026664630,
866224026640036,
866224026673235,
866224024255399,
866224026663889,
866224024251430,
866224026662998,
866224026664804,
862950028530320,
359181082909032,
359181082920658,
864394040589212,
359181082933677,
866224026632702,
353322083487174,
353322083452418,
358014095735337,
358174061426319,
358174068944199,
358887096718703,
351631040022375,
351631045995906,
353322082124794,
351631040036391,
351631042664935,
351631040025568,
358887095136360,
354018116490024,
352625694621077,
354018117308837,
354018117406748,
354018117410385,
352625694620814,
354018117304844,
354018117501282,
354018117429336,
354018117429575,
354018117429583,
354018117501308,
354018117429427,
354018116127493,
354018116892641,
354018116127410,
354018116127360,
354018117260897,
354018116418991,
354018114600673,
354018117276307,
354018117501134,
354018117429492,
354018117501225,
354018117276190,
354018117429419,
354018116127659,
354018116127568,
354018117438980,
354018117257919,
354018116127394,
354018117439079,
354018117438972,
354018117439004,
354018117498125,
354018117410211,
354018117288765,
354018117294383,
354018116511977,
354018116511712,
354018117294235,
354018116511720,
354018117288690,
352625690725278,
352625690738420,
353322083460809,
358174065009848,
351631047865313,
357520075373684,
866344055485630,
866344055897602,
866344055638071,
866344055881606,
866344055728021,
860873040789884,
866344055917855,
866344055917103,
866344055728203,
866344055728252,
866344055920123,
350544508825083,
358014097985468,
358014097979792,
860873042731090,
860873042792282,
860873042726439,
860873042795210,
860873040485780,
866344055716711,
867648044468690,
866344055728336,
866344055883073,
350317179213198,
867648047740806,
866728068754786,
866728068024735,
866728068025054,
866728068031060,
350424060815196,
866728067947951,
866728068815892,
866728068816650,
866728068782373,
866728068777993,
866728068816700,
866728068025583,
866728068028637,
866728068783074,
866728065586389,
867648047740541,
866728068776870,
866728068031318,
867648047748130,
867648047740848,
866728068030948,
866728068024560,
866728068781250,
866728068819654,
866728068024693,
866344055728286,
866344055933175,
860873042758556,
860873043680163,
860873043513463,
860873043681674,
350612072164245,
350612072125675,
866344055538263,
866344055724715,
866344055932961,
866344055932938,
866344055920024,
866344055918531,
866344055728302,
350612072248006,
350612072269473,
350612072163080,
350612072163247,
350612072129586,
350612072266701,
350612072266636,
350612072114679,
350612072114364,
350612072129438,
350612072163163,
350612072266628,
866344055975622,
866344055538347,
866344055821743,
866344055821719,
866344057086584,
866344055975614,
866344055530294,
866344055821628,
866344055976372,
866344057090859,
70100925,
866344055975887,
866728069000510,
863719061627684,
863719061399797,
866728069000676,
866728068975480,
866728068971109,
866728068934248,
866728068943355,
866728068943330,
866728068951168,
866728068949907,
866728068973683,
866728068976165,
866728068802569,
866728069004165,
866728068780120,
866728068799336,
866728068969798,
866728068946515,
866728068773927,
866728069007747,
866728068962629,
866728068919520,
866728068905404,
866728068905263,
866728068894665,
866728068965846,
866728068901064,
866728068934610,
866728069003407,
866728068980837,
866728068958080,
866728068958122,
866728068981058,
866728068982130,
866728068979854,
866728068980811,
866728068916781,
866728068980928,
351631040029669,
358174068954222,
358174068952457,
351631040013986,
358174068925586,
358174068952945,
358174068926360,
351631044273511,
351631044275417,
351631044274154,
351631044266473,
351631044272315,
351631044290218,
351631044267117,
351631044275615,
351631044271564,
351631044289525,
351631044289384,
351631046083058,
351631047865305,
351631047238149,
351631047904328,
351631047865057,
351631047865040,
351631044273131,
351631047239683,
866224026638717,
866224026637545,
866224026675461,
866224026667187,
866224026634336,
351631047194656,
358174068953117,
353322082124109,
353322082124190,
351631046058944,
351631041584217,
351631046088834,
351631046061708,
351631042664315,
351631041582674,
351631041584373,
351631046058563,
351631046088966,
351631046054935,
351631042663150,
351631044272786,
351631046060304,
351631046082829,
351631046054018,
353322082123606,
353322082123788,
353322080961841,
353322081035090,
353705064136895,
356363054822459,
864502030320691,
864502030323695,
357520071856518,
357520071807925,
357520071846162,
357520071846055,
357520071857524,
864502035874460,
867322032641276,
864502036067213,
864502037745247,
864502037867710,
864502036230183,
864502036067619,
864502037825569,
867322032736647,
867322032767600,
866224026674902,
866224026646066,
355504067902918,
351631040014158,
358174068965483,
351631040001429,
358174068952655,
358174068955955,
351631040020973,
358174068964486,
358174068964015,
351631044290341,
351631044269618,
351631044267794,
351631040021674,
351631044269543,
351631047865321,
351631040017813,
351631047862948,
351631040022466,
866224026671577,
866224026640739,
867322035209980,
353322083447954,
357520075427993,
868997039541303,Concrete Cutters
867322035607894,Concrete Cutters
868997035554540,Concrete Cutters
868997035391802,Concrete Cutters
868997035394046,Concrete Cutters
868997035392594,Concrete Cutters
868997035446788,Concrete Cutters
868997039521057,Concrete Cutters
864502035780196,Concrete Cutters
864502030088892,Concrete Cutters
868997035393246,Concrete Cutters
862818047849619,
861551041299751,
861551041299181,
861551041311119,
862818040726947,
866224026633536,
868997035205119,
869247049706572,
868997035204914,
358887099757039,
356363058067333,
357520074225075,
358174068926212,
351631041565133,
351631040023340,
351631040030485,
864502034891770,Concrete Cutters
866224026670595,Concrete Cutters
867322032755613,Concrete Cutters
864502034891564,
864502037821428,Concrete Cutters
867322032656910,Concrete Cutters
867322032641284,Concrete Cutters
864502033648080,Concrete Cutters
353322083433236,
351631040031954,
864502035652627,Rosan & Company
868997039543606,Rosan & Company
864502030365415,Rosan & Company
864502035742063,Rosan & Company
864502035799345,Rosan & Company
867322035609312,Rosan & Company
864502033879784,Rosan & Company
353322083182338,
357520075394052,
351631040036706,
353322082624447,
353322082852907,
861551046475984,
865006040500820,
356363058059744,
353322083178310,
351631044275235,
357520075368338,
353322083093808,
357520075376117,
357520074565793,
357520075428264,
357520075400792,
357520074557907,
357520075371522,
353322083432733,
868997035393303,
868997039541063,
868997035445947,
864502035652049,
862818047797842,
862818047850369,
861551041203332,
357520075427928,
357520074217809,
358887096530801,
357322042742053,
358174061426640,
355504069938936,
351631040030790,
358174068300459,
351631042663937,
353705063814443,
869247049709816,
356363054919867,
358174068941591,
358174068963181,
358174068948620,
358887098114554,
356363054403300,
351631044267018,
356363058074511,
358174068589937,
351631040030568,
358174068961052,
358887099761023,
861551046475794,
352625690732704,
864502035795723,Yarranton Bros
358887099737379,
357520075393500,
358174061422276,
351631044266861,
862950028534066,
867322032745234,
867322032656381,
864502037806346,
868325026896532,
867322032647026,
867322035631548,
868997035557931,
861551041245226,
352625696447257,
352625696447240,
352625690707011,
351631044268420,
354018118318637,
866728068980878,
866728068965234,
866728069011186,
866728068961837,
358887093527024,
866728068918290,
866728069008364,
866728068907707,
866728069008497,
866728068944668,
866728068997369,
866728068894442,
866728068962371,
866728068967370,
866728068964690,
866728068957975,
866728068905347,
866728068915833,
866728068957983,
866728068924363,
866728068895381,
866728068895746,
866728068905123,
866728068999217,
866728068933364,
866728068905297,
866728069004744,
866728068905131,
866728068907152,
866344057089547,
866728068895472,
866728068948644,
866728068902856,
866728068907145,
866728068904647,
866728068944080,
866728069002995,
866728068944148,
866728068999316,
866728068939619,
866728068945863,
866728069002409,
866728068972784,
70101015,
866728068972727,
866728068923225,
866728069003217,
358887099725473,
358887096782006,
358174068952556,
353322082125809,
358887095169064,
358887093429031,
357520074515848,
356363058060577,
351631040017490,
358887093404232,
357520074304888,
358887096757404,
860873043654762,
860873043597110,
860873043625267,
860873043644649,
860873043680098,
860873043514321,
860873043701928,
860873043681096,
860873043696151,
860873043589935,
866728068899698,
866728068927184,
866728068962603,
866728068927168,
866728068835171,
866728068836377,
866728069011020,
866728068895449,
866728068837029,
866728068965853,
866728068894939,
866728068966984,
866728069001914,
866728069007598,
866728068966224,
866728068963528,
70101045,
866728068976595,
866728068932697,
866728068966448,
866728068965820,
866728068966364,
866728068906949,
866728068895670,
866728068908432,
866728068944353,
866728068986750,
866728068906915,
866728068906907,
866728068965523,
866728069003506,
866728068938827,
866728068835643,
866728069011012,
866728068998482,
866728068935120,
866728069011103,
866728068998599,
866728068927382,
866728069003035,
866728068959658,
866344055975846,
866344056094613,
866728068906923,
866728068997963,
866728068909679,
866728068967156,
866728068958064,
866728068905032,
866728068905677,
866728068895613,
866728068960466,
866728068899706,
866728068917425,
866728068923357,
866728068972628,
866728068974939,
866728069002532,
866728068898393,
866224026672682,
866224026640937,
353322082130858,
351631044270608,
351631041534287,
351631044272463,
351631046082928,
351631041562197,
351631044274873,
351631041584241,
351631041581684,
351631042663234,
351631041583094,
351631046058696,
351631041562189,
353322082123663,
351631044275441,
351631046054489,
351631046060221,
351631044275391,
351631046083785,
351631041576759,
351631046057946,
353322082125239,
353322080674543,
358174069664630,
862950025744478,
358174061428034,
864502030104897,
864502033613654,
867322035235779,
358174068952796,
351631044275706,
351631044272976,
866224026638741,
353322082123192,
357520074446606,
862950028551599,
862950028539073,
866224024256512,
866224026674928,
866224026658038,
866224026656537,
866224024228735,
866224024230913,
351631044271887,
866224024250796,
358174068300988,
358174068637355,
358174068925107,
351631044280268,
351631044270343,
351631044290333,
351631044272414,
351631044266630,
351631042665684,
351631044289376,
351631044272562,
351631044273420,
358174068964221,
351631047865073,
351631047865677,
351631041584506,
351631041561652,
351631046089154,
866224024240771,
353322081344153,
351631041561751,
353322080855886,
353322082314742,
353322081320591,
353322082124208,
353322082124265,
353322082125890,
353322082108334,
353322081320641,
353322082125288,
353322082123259,
353322082125973,
353322083487778,
864502030160089,
864502034866848,
864502034865683,
864502035797687,
351631041586626,
357520074057296,
866224026656487,
864502036235430,
867322032640823,
867322032656373,
357520074563178,
867322039687744,
864502038637310,
862950025746671,
866224024348715,
866224024253949,
352625690721244,
352625690729536,
352625696572583,
352625696667375,
352625696574720,
865006040499692,
351631047865149,
351631046025695,
351631045995963,
351631040021831,
354018118318470,
356363054860541,
356363054879079,
356363054863511,
356363054833308,
356363054413028,
356363054407756,
356363054863198,
356363054879285,
868997035394582,
868325026897449,
868325026895088,
864502035824515,
864502036081990,
867322039953930,
868997035205457,
868997039452204,
353322083485160,
351631045978605,
353322083435280,
353322082849531,
351631042666286,
351631040028026,
353322083093501,
358174065006760,
868997035555430,
868997035391729,
868997039538499,
352625692281940,
358174061445202,
357520071855106,
356363054822640,
351777047568371,
357520075439774,
357520075417515,
353322083433087,
351631040023787,
351631040018118,
351631040313592,
351631041582757,
353322082108268,
351631047820409,
351631045997977,
353322082856353,
357520075427910,
353322082854689,
357520075415048,
357520074569027,
862950025766570,
358174068964098,
866224026675685,
866224026661248,
358887099708438,
351631046054109,
358887099754663,
352625696603487,
351631040026566,
352625693026567,
352625696585692,
352625692435454,
351631044274550,
351631040020148,
357520075413811,
353322083482407,
358887093399275,
357520075367116,
357520075387205,
353322083482936,
351631040313881,
351631044266499	,
351631044272232	,
351631040314004	,
358174065011299	,
351631042664307	,
353322082871691,
353322082853202,
864502037772936,
358174064349559,
352625696216470,
352625696216397,
352625696505153,
352625696505013,
352625696520483,
358174065008063,
358174068989509,
351631040016559,
357520073961100,
358174068942177,
351631040021898,
862950028528035,
352625696615002,
352625696529716,
352625696549656,
352625696509643,
357544376679102,
351631046023237,
862818040770374,
862818040585749,
861551041121062,
351631041561785,
868997035392222,
358174068941245,
351631044289491,
351631040023472,
864502030572960,
351631040028059,
351631040026624,
358174065007057,
351631045995948,
351631040021633,
351631040036011,
357544376679722,
357544376683708,
357544376679771,
357544376679185,
351631047239691,
356363054849486,
356363054822467,
866728068975571,
866728068974137,
866728068909158,
866728068972610,
866728068904944,
866344057114204,
866344057089018,
866728068937019,
866728068907129,
866728068908242,
866728068895597,
866728068961605,
866728068971605,
863719061593415,
863719061594090,
863719061593514,
863719061593977,
863719061433828,
863719061593910,
863719061410891,
863719061434347,
863719061623063,
866728068829125,
866728068953883,
866728068843373,
866728068963015,
866728068974160,
866728068962702,
866728069000296,
866728068786515,
866728068923373,
866728068951176,
860696060483801,
860696060498007,
860696060467986,
860696060466343,
860696060471913,
860696060481573,
860696060459454,
860696060464199,
860696060494204,
860696060487711,
863719061399664,
860696060507245,
860696060486721,
860696060459785,
860696060529025,
860696060460791,
860696060484726,
860696060473984,
860696060459793,
860696060499203,
860696060497645,
863719061593548,
866728068893261,
866728068839207,
866728068829216,
866728069007614,
866728068956662,
866728069011087,
866728069008356,
866728068903722,
866728068965036,
860696060510397,
860696060522707,
860696060461336,
860696060461096,
860696060473968,
860696060461088,
860696060455601,
860696060459876,
860696060480047,
860696060461930,
860696060483199,
860696060521766,
866728068937225,
860696060467598,
860696060479643,
860696060498510,
860696060516154,
860696060563354,
860696060482100,
860696060502535,
863719061434339,
863719061593563,
863719061594108,
863719061593126,
863719061593167,
863719061594140,
863719061433810,
863719061410917,
863719061594124,
863719061594157,
860696060459991,
860696060505041,
860696060522749,
860696060482217,
860696060455668,
860696060478298,
860696060461385,
860696060479908,
860696060455700,
860696060528662,
860873043517332,
866344055975572,
866344057081817,
866344057114121,
860696060461120,
860696060485541,
860696060483181,
860696060564642,
860696060522731,
860696060515750,
860696060468414,
860696060480989,
860696060467994,
860696060564584,
860696060521782,
860696060506379,
866728068912632,
860696060567488,
860696060480245,
860696060485608,
860696060506247,
860696060486499,
860696060567520,
351631040025550,
358174068924779,
358174068965822,
358174068341867,
358174068965640,
358174068638270,
351631041582682,
862950025756878,
353322082123655,
862950024893490,
864502034763433,
864502037777802,
864502037726130,
862950024845698,
862950028540832,
862950025757132,
866224026673284,
866224026662246,
862950025770721,
866224026663921,
866224026669688,
866224026632264,
351631040023621,
358174068964536,
351631040027200,
351631040025444,
351631040026111,
351631044274311,
351631044274410,
351631044271119,
351631040019124,
351631041582500,
351631041584787,
351631046058795,
353322080855936,
353322082131997,
351631044271382,
358174068344531,
353322080674162,
353322082124034,
864502030396790,
864502037871407,
357520074225430,
862950024890827,
862950024887864,
862950025766786,
862950025756399,
862950028525098,
862950028543430,
864502037802709,
864502037800125,
353322080598833,
862950025764286,
866224026662675,
351631041584175,
862950028552480,
866224026675339,
866224026661792,
351631040025618,
358174068953919,
358174068633222,
358174068963512,
351631040022797,
358174068925693,
358174068925669,
351631044269469,
353322080962146,
351631044270632,
351631044273933,
351631042665791,
351631044271150,
351631044266457,
351631047865362,
351631047112237,
351631047865750,
351631046054430,
351631047838450,
866224026680354,
864502034942466,
866224026638550,
866224026639657,
351631041576841,
353322082123200,
351631042613007,
862950028534934,
358174069665868,
866224026668508,
353322082124752,
864502030104418,
356363058078322,
864502033614645,
358174068300640,
864502030160154,
864502036229797,
864502037858222,
866224024221375,
862950025801542,
862950028535899,
864502033898578,
868997039539786,
867322032737439,
867322039948864,
861551041373903,
358174068926279,
357544376678914,
357544373124938,
357544377280892,
357544376679169,
357544376680050,
357544377287376,
357544376679086,
357544377287772,
353322082855702,
357544376679144,
357544376675464,
358174064092019,
353322082871972,
351631046025554,
358174065007438,
351631044269642,
351631044272208,
351631040312024,
351631040023332,
353322083454901,
351631040292994,
357544376679201,
357544376678955,
352625690733728,
358014098155897,
358014098091571,
351631044271739,
351631045963565,
358174065007065,
355504069570275,
357544376679029,
351631044274063,
353322083461344,
358174068943977,
351631045980197,
351631042662905,
357544376675928,
357544376680282,
357544376683930,
357544376696221,
357544377284563,
357544376678310,
357544377252230,
357544376675621,
357544377287079,
357544376684714,
357544377252164,
357544376696270,
358174067186495,
358014098091951,
358014097980428,
358014097984784,
358014098156614,
352625690759913	,
354018111587675	,
352625690732977,
351631047865560,
358887093680666,
355504069571869,
357520075303467,
357544376670614,
357544376670853,
357544376670846,
357544376670762,
357544376670564,
357544377279597,
357544376675373,
868997035394665,
868997035391976,
868997035498094,
868997035392214,
868997035392792,
862950025790679,
356363054879269,
862950024888284,
866224024232802,
868997035401627,
867322032666893,
867322039949052,
867322039690169,
867322039946132,
868997039544851,
868997039547177,
868997039526957,
868997035392263,
868997035392230,
868997035156114,
867322032747677,
861551041242058,
868997035391646,
868997035392677,
868997035384864,
868325027113366,
868325027108663,
864502037828373,
867322032630493,
867322032646606,
867322039949383,
865006040500234,
861551041242652,
868325026942625,
864502037697505,
356363054955531,
862950024891312,
866224026658079,
867322035608033,
868997039458052,
868997035384849,
862818047864782,
864502030063077,
868325027119272,
868325026894396,
861551041201633,
357544376670861,
358174068934687,
357544376670770,
357544376676231,
353322083455072,
353322082856619,
351631047905812,
860696060567538,
860696060459967,
860696060512674,
860696060523283,
860696060515933,
860696060519216,
860696060542622,
860696060512724,
860696060557208,
860696060519737,
860696060476946,
860873043701951,
860873043680031,
860873042823822,
860873043701662,
860873043613578,
860873043643930,
860873043680262,
860873043679082,
860873043678860,
866728068964260,
866344056164804,
866344056164796,
866344057054590,
866344057054426,
860873043679439,
860873043596591,
860873043677698,
860873043680106,
860873043596690,
860873043681112,
860873043596971,
860873043662450,
860873043678555,
860873043680080,
866344056164820,
866344057117371,
866344056164846,
866344057117454,
866344056152916,
866344057614070,
866728068897155,
860873043677045,
860873043679751,
860873043681104,
860873043508430,
860873043680924,
860873043681161,
860873043660744,
860873043680437,
860873043701258,
860873043680064,
860873043679298,
860873043583235,
866344056152973,
866344057613270,
866728068810463,
866728068770774,
866728069002508,
866728068900587,
866728068921013,
866728068811818,
866728068932382,
866728068998847,
866728068970440,
866728068998789,
866728068974970,
866728069000247,
866344057055290,
866728068986008,
866728068944544,
866728069004827,
866728068902252,
866728068909174,
866728068939262,
866728068965507,
866728068965135,
866728068959682,
866728069008562,
866728069004686,
860696060461047,
860696060483025,
860696060523044,
860696060485749,
860696060503046,
860696060518333,
860696060511775,
860696060467481,
860696060523796,
860696060482928,
860696060479932,
860696060468265,
860696060481508,
860696060482191,
860696060486093,
860696060460148,
860696060458795,
860696060530957,
860696060459884,
860873043676856,
860873042757848,
860873043517316,
860873043543973,
860873043514842,
860873043613909,
860873043515765,
70101325,
864636060709694,
864636060714405,
864636060847114,
354762112417511,
866344057117447,
866728068898633,
866344057054699,
866344057081486,
866344057060852,
866344057069291,
866344056163103,
866344057054541,
863719061837945,
860873043679520,
866728068946002,
866728068972941,
860873043677557,
860873043513646,
860873043678928,
358174068953323,
358174068307884,
358174068925842,
358174068301218,
358174068926543,
358174068953141,
351631040021740,
351631040014893,
351631044268859,
351631046058480,
353322080960769,
864502030365191,
351631040016658,
358174068300814,
358174068925529,
358174068953646,
351631046082910,
353322081320625,
867322035224302,
358174069664499,
353322082122905,
356363058070329,
353322083133992,
353322083135377,
353322083177304,
357520074536018,
353322083124579,
353322080962948,
353322083134032,
358174068589697,
353322080673925,
353322083449547,
864502034866517,
353322081320120,
353322083451014,
353322083087875,
353322082644296,
353322082612335,
351631041585081,
351631046088867,
357520074536711,
353322083451493,
351631044271275,
353322083486820,
353322083450198,
351631041562163,
351631041584530,
358014095441563,
862950025815757,
862950028545229,
862950025772602,
868325027028671,
866224026664150,
862950024851373,
862950025765713,
864502030158950,
866224026674977,
351631046025216,
351631045996060,
351631040036730,
351631040036037,
351631040035062,
351631045995971,
351631045991277,
351631045980254,
351631044274501,
351631040036185,
351631047233280,
353322082141871,
351631047901647,
353322082124687,
353322082124646,
353322083446774,
353322083433301,
355504067924839,
353322083434978,
353322083087719,
353322082853244,
353322083179086,
353322083448457,
353322082872582,
353322083450560,
353322082864118,
353322082854465,
353322083319427,
353322083447665,
353322082611980,
353322083182247,
353322083433467,
353322083179607,
357322042978780,
353322082855272,
353322083482811,
353322082856866,
351631045996094,
353322083456765,
353322083180019,
351631044269527,
351631040018019,
861551041242041,
867322035251065,
867322039684808,
868997035289857,
861551041200106,
861551041341223,
358887099762369,
861551041124496,
861551041241878,
861551041124884,
867322039948427,
867322035631365,
867322039947031,
868997035393089,
868997035155256,
861551041196841,
861551041190802,
861551041241829,
862950028538133,
868325027016353,
867322035669951,
868997035402989,
868997035555422,
861551041191180,
861551046475703,
862950025786768,
867322032741654,
353322082124059,
358887095144505,
358887095139224,
358014098047573,
358014098002115,
352625699933220,
352625699908396,
352625698325402,
352625698325261,
352625699891246,
352625699933527,
352625699996433,
352625699968655,
352625699967756,
352625699933535,
352625699967970,
352625699967889,
352625699967863,
352625699967848,
352625699967806,
352625699967715,
352625699967699,
358887095141766,
353322082849549,
358887093679882,
351631040036235,
358887093677167,
358887093679494,
357520071831008,
357520074538048,
357520074531043,
867322035270479,
869247049703926,
864502037828431,
867322032730491,
867322032647406,
867322032756215,
353322083432915,
353322083455189,
352625699967772,
860873040248006,
351631040020106,
352625699933923,
352625699967749,
867322039954631,
867322039950415,
867322039949474,
868997039543135,
867322039684055,
867322039955273,
357520074217817,
357520074525805,
357520074530151,
358887099721316,
354762112281750,
358887095168371,
358887096367774,
357520074219714,
862950024882741,
864502037858263,
864502037821196,
864502037697398,
866224026676105,
868325026999773,
868325027018268,
864502036380194,
864502037803210,
864502035813591,
867322032756132,
867322032756264,
868325026895054,
868997035442357,
868997039406374,
357544377429499,
357544377443300,
357544377429507,
357544377429481,
358014098035305,
358014098033938,
358014097988694,
358014097985179,
358014098160210,
862818047915642,
862950025764658,
866224024218967,
864502030348189,
867322039955026,
868997035498680,
868997035391760,
868997035392347,
868997035391505,
862818047815081,
860873040448416,
860873040810235,
860873040834490,
860873040834326,
357544377429341,
359632101240593,
358480086689892,
860873043678795,
860873043703577,
860873043516284,
860873043679603,
860873043676955,
860873043679504,
860873043516888,
864636060879810,
864636060081169,
864636060825102,
864636060879828,
864636060831993,
864636060033616,
864636060879448,
864636060832470,
864636060065667,
864636060807191,
864636060206105,
864636060283930,
864636060288590,
864636060195043,
864636061117566,
864636061117723,
864636061117673,
864636060288343,
864636060284037,
864636060707441,
860873043596849,
864636060270655,
864636060882509,
864636060707201,
864636060865892,
864636060706849,
864636060201213,
864636060200991,
864636060019938,
864636060206063,
864636060201569,
864636060285935,
864636061126864,
864636061154205,
864636061151870,
864636061117509,
864636061125569,
864636061126971,
864636060288871,
864636061117814,
864636061127235,
864636060240153,
864636060286206,
864636061125890,
864636060203623,
864636060286115,
864636060288210,
864636060240138,
864636060235039,
864636060240179,
864636060236227,
866069060859228,
860873041758284,
860873041059279,
860873041793349,
864636061196131,
864636061194235,
864636060302201,
864636060290331,
864636060216971,
860873043679793,
864636061154544,
864636061192007,
864636061191983,
864636060290216,
864636060295546,
860873041073197,
860873040767351,
860873041073635,
860873040765355,
860873041793364,
860873041793679,
860873041790030,
860873040768854,
860873041745240,
860873040767641,
353322083435793,
353322083487794,
353322082854994,
353322083482522,
353322083434903,
353322082856429,
353322083482860,
353322083191560,
353322082850273,
353322082854523,
353322082856049,
353322082857195,
353322083482506,
353322082854382,
353322083482415,
353322083179276,
353322083459850,
353322082854903,
353322083461088,
353322083191131,
353322083450966,
353322083482720,
353322082872392,
357520074519790,
357520074514049,
357520075378394,
357520075417424,
357520075428215,
864502030573257,
864502030343917,
864502030096010,
864502030098693,
864502030396550,
862950025764617,
864502034998799,
864502030323554,
867322039954714,
864502030159347,
864502030158646,
353322080961551,
351631040014687,
867322035269067,
357520074225745,
358174068952671,
867322035273549,
867322035273044,
353322081562630,
867322039688601,
357520074227287,
358174068954198,
357520075408894,
864502034892927,
358014097985096,
358014098091548,
358887092029519,
868997035204153,
868997035205895,
358887093336137,
868997035203957,
358887092000841,
358887092028834,
358887093547477,
358887091999217,
358887092011665,
358887092025806,
358887092011558,
358887095139307,
358887095145866,
358887095136436,
358887095140321,
358887093679916,
358887095141584,
358887095143267,
358887095140479,
358887095142590,
358887095139877,
357520075368163,
358887095139950,
358887095141386,
357520074568987,
358887091989051,
358887095141535,
358887095140511,
358887095141782,
358887095142566,
358887095139034,
358887095141774,
358887095136337,
358887095139364,
358887095140131,
358887095141436,
358887095141410,
358887091989267,
358887095144976,
358887095141808,
358887095139067,
358174063519939,
358174063519954,
355504067923435,
355504067924375,
351631040036565,
358174063539465,
358174061439619,
355504067924359,
359632103920218,
358480089848495,
359632102652291,
358480089873865,
357073294090945,
357544377431917,
357073291973481,
862950024886387,
865006040469059 ,
862950024855929,
862950025758932 ,
864502037804911,
862950025802904,
357544377429416,
357544377443524,
353322082131005,
357544378998724,
867322035219914,
864502037779873,
868997035079480,
862950028548660,
864502033634338,
868325026855488,
868997035397049,
862818040718571,
869247049705772,
869247049733543,
868997039529142,
867322032641235,
864502037752342,
864502037802873,
864502037759560,
862818040718456,
867322032756082,
864502035861368,
866224024254707,
864502037778727,
862950028533761,
864502036196376,
864502036080471,
862950025740708,
868325027008434,
864502037868411,
864502037868262,
862950028528233,
862818047849957,
862818047850492,
862950024879648,
864502037859931,
864502037856754,
867322035212851,
861551041202755,
861551041123571,
867322035281310,
862950025810089,
862950028535253,
867322035200484,
867322035250299,
351631040026608,
351631045991293,
358887093668190,
351631040297258,
866224026676733,
867322032756488,
866224026638196,
869247049703843,
862950024893532,
864502037867769,
862950024879036,
868997039542772,
868997035456928,
867322032763831,
867322032655151,
862950025796684,
866224026662352,
866224026664051,
866224026676691,
864502030410823,
864502035698182,
867322032756439,
864502037836277,
868997039406119,
868997039406184,
868997039540883,
862950025812648,
862950025782668,
862950025749212,
862950025795454,
862950028525981,
862950025772768,
862950025773451,
868325027107673,
868325027025297,
862950024870464,
867322032767550,
862818040719892,
867322032747628,
867322035270800,
867322032741563,
864502037772944,
867322032756470,
862950025774863,
862950025785794,
862950028532151,
862950025808786,
861551041198607,
866224026669571,
867322032766370,
862950024871520,
862950025768055,
868997035392651,
867322032767840,
868997035556610,
868997039544877,
355504069571950,
351631046054943,
351631044268495,
358174063540026,
864502035808187,
864502037822293,
864502037821725,
864502037818069,
860873040042086,
357520071843821,
353322083133612,
862950025783393,
862950025781363,
862950025747000,
864502033846197,
353322083178450,
351631041566149,
351631045995856,
351631046025505,
353322083452020,
353322083461351,
353322082850141,
356363054406303,
355504067931925,
358174064349229,
355504067902090,
355504067902736,
355504067902637,
358174064349203,
355504067902587,
355504067904104,
355504067902686,
358174068637405,
355504067902173,
355504067902520,
355504067904237,
358174064349179,
358174068926352,
358174068774075,
358174064349260,
351631040017664,
358174068638700,
358174068637553,
358174068590067,
358174064349377,
358174068637447,
355504067904187,
355504067902181,
358174068926188,
358174068925347,
358174068298232,
358174068633032,
358174068340380,
351631040032127,
358174068638296,
353322082123127,
351631041584423,
351631046060494,
353322080674154,
351631041579894,
351631042662855,
353322083087768,
357520074548120,
357520075415006,
357520074569605,
357520075368122,
357520075428025,
357520075378402,
357520074573003,
357520074548203,
357520075415626,
357520074564523,
357520075417341,
357520075373775,
357520075387767,
357520075383766,
357520075373668,
358014093907227,
864502037697265,
357520073930022,
351631040294982,
353322083101072,
355504069571422,
351631040024801,
351631040027481,
353322082853921,
358174065006992,
351631040023399,
351631047908634,
353322083433251,
351631045997514,
351631045980213,
351631040294321,
358174065006802,
353322082615064,
353322082618621,
358174064347843,
351631045997407,
358174068925354,
351631045995047,
351631040036383,
358174065007891,
358174064348304,
358174068638502,
351631040027853,
355504067902660,
351631045997761,
358174068935916,
351631047864993,
351631044269584,
351631045979793,
351631040030758,
351631040023670,
862950025751853,
868997039548282,
864502037697414,
869247049741454,
868325027023334,
867322039946272,
867322035608702,
862950025780647,
867322035609460,
867322035608215,
864502030157655,
864502030142020,
864502037890084,
867322035675172,
868997035404621,
861551041120536,
864502033420506,
864502033640558,
864502030365126,
864502033847369,
866224026659325,
867322032714016,
864502037803871,
867322032741308,
862950028545013,
868325026896557,
862950028534264,
864502030081939,
864502036009074,
867322035237387,
867322035643055,
862818040585590,
867322035211614,
866224026661099,
868325027111576,
862950028573932,
866224026679745,
866224026641778,
864502033614215,
867322035609551,
860873040034927,
862950025780498,
864502036230316,
864502033760356,
867322039948872,
864502035741743,
357544377456377,
357544376751364,
357544377456120,
357544377455528,
357544377428509,
357544377447004,
357544377447095,
357544378999938,
357544377431966,
357544379012293,
357544377431883,
357544379014083,
860873040244823,
357544379014091,
357544377429333,
357544378998799,
357544378998716,
357073291973689,
867322032747610,
861551041122284,
864502033639634,
864502037821659,
867322032757007,
867322032667461,
861551046448981,
868997035394392,
864502035800283,
864502035800465,
864502035800267,
862950025799746,
867322035625144,
862950025744726,
862950024881198,
862950024893433,
862950024892963,
862950024879747,
862950025805444,
351631044273941,
356363058070923,
356363054822996,
356363058071509,
356363058067077,
356363058077027,
356363058069982,
356363054823523,
864502033620238,
864502035698711,
868325026831380,
868325027108838,
868325026842486,
868325026899700,
868325027109257,
862950025758072,
862950025765424,
862950028529421,
866224026643154,
867322032647059,
867322035610229,
867322035669878,
866224026675891,
868997039457005,
868997035460383,
861551041300427,
861551041300047,
868325027108929,
358887093679627,
351631040302967,
353322082856338,
353322083482514,
358887093668786,
353322083178369,
865006040499882,
864502035820182,
862818047860384,
864502033613928,
864502033563289,
864502034867879,
864502033359803,
864502033282021,
862950024885298,
868997035156155,
868997035397130,
351631045979991,
355504069946103,
351631040036615,
358174065007446,
353322083432782,
351631045963243,
353322083452160,
351631045997415,
353322083482852,
355504069565796,
351631040017797,
358174065015704,
351631040314038,
351631040036441,
351631040032697,
351631040018027,
357322042978699,
351631045997613,
351631044266655,
353322082854150,
358174068934257,
351631040015718,
353322083432063,
358174068934828,
353322082849598,
358174065014889,
351631044272349,
358174068989699,
353322082857443,
353322082130841,
353322083448325,
353322083454844,
351631045990956,
351631040017870,
351631047905499,
353322083466517,
351631040018159,
353322082849234,
358174068637470,
351631045997779,
351631040016666,
351631044272166,
351631040022581,
351631044268016,
351631040017995,
355504069569988,
353322082108326,
351631045995328,
353322082130676,
351631047238115,
353322083191461,
351631046025026,
355504069571943,
351631044273990,
358174064347819,
353322082108516,
353322080673503,
351631040313576,
355504069947218,
355504067902405,
355504069940940,
353322083085242,
351631046025620,
351631042665338,
351631044273784,
351631040313568,
351631041578110,
358174068934455,
353322082124588,
351631044275292,
351631040021609,
355504067904062,
351631042663945,
356363054931334,
351631040032861,
353322083434499,
358174068925438,
353322083093535,
351631047819815,
351631040294875,
351631040024470,
355504067904096,
356363054879434,
356363054412038,
358174068933937,
351631044266671,
351631044274147,
351631044271721,
351631040297241,
351631044266564,
351631045996052,
351631040022649,
351631044268974,
351631040018084,
351631040294214,
351631046089535,
868997035291226,
868997035204922,
862950028528258,
862950025812853,
862950024877378,
864502033642992,
861551041218710,
865006040470826,
861551046476024,
861551046475786,
357520074227030,
351631044271002,
356363058078173,
861551041120403,
861551041199894,
864502033898412,
862950025760839,
862950025808901,
864502033847674,
864502033891375,
357544377461351,
357544377446717,
358014098027815,
358014098040156,
357544377443276,
357544377472069,
351358819088748,
353322083179458,
357544377446477,
357544377443284,
357544379014141,
357544377443375,
357544379012301,
357544377456252,
864502030312615,
864502030115315,
356363054406469,
864502036009462,
861551041299850,
864502035930031,
866224026657279,
868325026885279,
867322035216092,
862950028549882,
864502035684224,
862950025785836,
864502035655364,
864502035809540,
864502035781277,
866224026640333,
866224026639780,
866224026680115,
866224026636232,
867322035609643,
864502037859360,
864502037747144,
862818047892338,
867322032746620,
869247049716423,
869247049711994,
356363058060734,
358174064348973,
356363058075799,
357520074569506,
357520074215399,
862950025774483,
862950025764427,
864502030351274,
864502030393979,
867322032647299,
867322039951256,
864502030574313,
866224026642982,
867322032747164,
867322035610286,
868325027024910,
357520075414801,
357520075413936,
357520074225133,
357520074513579,
357544377466129,
357520074514080,
357520074522786,
357520074569514,
357544377456104,
357544377466749,
357544377466228,
357544377468679,
357544377443888,
357544377466905,
357520074227006,
862818040726905,
357073297075208,
357073294325408,
357073294315342,
357073294328576,
357073292794340,
357073294313636,
357073294313628,
357073294313701,
357073294315185,
357073294315979,
357073294315961,
357073294315748,
351631044266556,
357073294315730,
357073294315821,
357073294315896,
357073294315839,
357073294315276,
357073294315193,
357073294315888,
354017118529854,
354017118530126,
354017118530241,
357073294315151,
357073294331976,
357520074534138,
357520074308822,
357520074513694,
350424060827019,
350424060816814,
350424060826862,
357073294315235,
357073294315250,
357073294315110,
357073294313461,
354017118530183,
353322083432899,
353322082856486,
351631040027598,
351631040036367,
353322083448853,
358174063542626,
355504067904138,
351631040034586,
358174068777722,
351631040036029,
358174064347942,
351631044266549,
351631045991632,
351631046025067,
351631040023183,
351631044272083,
351631040294206,
351631044270814,
353322082309445,
351631044272091,
351631044275185,
351631041579324,
351631044272109,
351631046058555,
351631041587178,
351631046057508,
351631042666047,
353322082130890,
353322083432824,
351631045997498,
353322082852808,
353322082852964,
353322083179730,
353322083452459,
353322083179896,
358174068774422,
351631040032119,
351631040036631,
351631045995849,
351631042666567,
351631040027572,
351631040024439,
353322082130726,
353322082130833,
353322082130775,
353322082146557,
353322082126146,
353322083450727,
353322083434523,
353322083460700,
353322083448291,
353322082856106,
353322083448465,
353322083454984,
353322083093493,
353322083178104,
353322083182221,
353322083482878,
353322082853814,
353322083085259,
351631042664901,
358887096383839,
868997035391661,
868997035391935,
868997039530710,
358887096718802,
358887096377096,
358887096777477,
358887096379795,
358887096777618,
358887096667298,
358887096379779,
357520074307170,
358887096377377,
358887096716749,
356363054822954,
358887096392194,
358887096393002,
358174063503909,
358887096378383,
358887096718877,
357520073929693,
357520074524162,
358887096378417,
862950025790190,
358887093411369,
358887096667520,
358887096720154,
358887096379886,
358887096714140,
353322083435967,
353322082621211,
351631044266937,
357520075414918,
358887093301313,
358887093336038,
358174068300798,
868997039434160,
357073294331828,
357073294340688,
357520074520228,
356363054406212,
868997039528540,
356363054823861,
356363054845690,
356363054407566,
862818047879806 ,
356363054844388,
868997035076742,
356363054816485,
356363054844602,
356363054848710,
356363058001795,
356363054844529,
356363054952280,
356363054406014,
868997039542624,
868997035457389,
868997039526452,
356363054412434,
356363054407327,
356363054405362,
869247049713347 ,
867322032747024,
356363054823325,
868997035392883,
356363054823895,
356363054813656,
356363054844503,
356363054408085,
356363054816147,
356363058070733,
867322035262567,
356363054849254,
356363054822780,
356363054861069,
356363054844644,
355504069570549,
356363054823341,
868997035391901,
357073294313693,
357073293149080,
357073294315359,
357073294328642,
357073294315268,
357544378370817,
358174065007396,
351631042662848,
866224026640796,
860873040948217,
860873040939711,
860873040824509,
357520075370441,
860873040833583,
860873040970732,
860873040974742,
860873040972605,
866224026676881,
358887098102625,
354017118530415,
354017118503495,
354017118504105,
354017118530118,
354017118529805,
354017118503701,
354017118504139,
354017118530365,
354017118504477,
354017118530605,
354762112257693,
358887092001021,
357520075367017,
357520074514197,
860873040922295,
860873040952235,
860873040996810,
860873040966854,
357520074514270,
354762112265613,
354762112345704,
354762112418816,
354762112362535,
358887095160154,
860873041079335,
860873040927146,
860873040919077,
860873040812801,
860873040927674,
357520074520657,
358887093399382,
350544508649772,
350424067290997,
350544501003696,
350544508649129,
350424069763454,
350424069763538,
350544508648428,
350544508649624,
350544508648972,
350424069763447,
350424069767679,
350424069767745,
350424069772224,
350544508634147,
350424069763520,
358887093671178,
354762112120792,
350424069763363,
357520074564630,
350424069767836,
350424069748091,
350424069764650,
350424069767752,
350424069763611,
350424069763389,
350424069763371,
350424069763629,
350424069763553,
350424069763462,
350424069764809,
350424069764726,
356363054414018,
350544509397447,
350544508632869,
350544509397280,
